country,Country,harmony,embedded,hierarchy,mastery,aff.auton,intel.auton,egalitar,extraversion,agreeableness,conscientiousness,neuroticism,openness,authority,fairness,harm,ingroup,purity,SPO,DIS,AFG,AFI,AFX,STA,MAT,MRB,MRT,KCF,KCC,PowerDistance,Individualism,Masculinity,UncertaintyAvoidance,LongTermOrientation,Indulgence,Self.Efficacy,Fear.of.Failure,Tightness,RM,Globalisation.Index,Political.Rights,civil.liberties,tiol.Pride,Gender.Egalitarianism,ruleoflaw,rcissism,machiavellanism,psychopathy,importance.of.work,SCI,RiskTaking,workethic,corruption,cultural.distance,PaceIndex,hope,optimism,Expressivity,historical.heterogeneity,Ethnic.Fract,Language.Fract,Religion.Fract,prejudice,bad.jourlism,GII,HDI,democracy,pluralism,govt.functioning,participation,political.culture,CTL_C,soi
AF,Afghanistan,,,,,,,,,,,,,-0.12884,0.239919,0.578152,-0.20497,0.138695,,,,,,,,,,,,,,,,,,,,,,38.52,1,9,,,0.36,,,,,,0.12,,15,,,,,,4,0.7693,0.6141,0.2717,-0.14747,37.7,,0.349,2.85,3.42,0.64,3.89,2.5,,
AL,Albania,,,,,,,,,,,,,-0.06488,-0.09945,0.180461,-0.06874,0.005799,,,,,,,,,,,,90,20,80,70,61,15,90,47,,,66.65,28,39,,0.769,0.5,,,,,44.12644,,5.4,38,,,0.477,-0.04,,4,0.2204,0.0399,0.4719,-0.2409,30.25,83,0.718,5.89,7,5.36,4.44,5,37.2,
DZ,Algeria,,,,,,,,,,,,,,,,,,,,,,,,,,,,,80,35,35,70,26,32,,,2.520309881,,56.15,10,22,,0.634,0.49,4.11,2.33,2.39,,44.97688,0.39,4.3,,0.138,,0.444,,,1,0.3394,0.4427,0.0091,-0.07325,45.52,113,0.677,4.01,3.08,2.86,5,5,19.2,
AS,American Samoa,,,,,,,,,,,,,,,,,,,,,,,,,,,,,,,,,,,,,,,,,,,,,,,,,,,,,,,,,,,,0.1733,0.6395,,,,,,,,,,,
AD,Andorra,,,,,,,,,,,,,,,,,,,,,,,,,,,,,,,,,,65,,,,,50.38,38,55,,,,,,,15831,,,,,0.115,,,,,,0.7139,0.6848,0.2326,-0.62006,23.23,,0.824,,,,,,,
AO,Angola,,,,,,,,,,,,,,,,,,,,,,,,,,,,,83,18,20,60,15,83,,,,,42.81,10,20,,0.66,0.43,,,,,41.18933,,,19,,,0.386,-0.26,,5,0.7867,0.787,0.6276,0.068079,33.92,,0.403,3.72,2.25,2.86,5.56,5,,
AI,Anguilla,,,,,,,,,,,,,,,,,,,,,,,,,,,,,,,,,,,,,,,,,,,,,,,,,,,,,,,,,,,,,,,,,,,,,,,,
AG,Antigua and Barbuda,,,,,,,,,,,,,,,,,,,,,,,,,,,,,,,,,,,,,,,58.1,33,52,,,0.63,,,,,,,,,,,,,,,0.1643,0.1063,0.684,-0.20034,,,,,,,,,,
AR,Argenti,3.98,3.52,2.1,3.92,3.73,4.34,4.96,49.1,42.75,48.18,55.05,50.83,-0.13946,0.277975,0.513888,-0.06447,-0.04269,,,,,,,,,,,,49,46,56,86,20,62,79,50,1.504367013,,71.31,35,49,,0.746,0.58,,,,20171,49.48346,0.04,1.9,39,0.071,,0.548,-0.03,,37,0.255,0.0618,0.2236,-1.01001,28.78,73,0.775,7.02,9.17,5.36,6.11,6.25,75,40.74
AM,Armenia,,,,,,,,,,,,,,,,,,,,,,,,,,,,,85,22,50,88,61,25,,,2.136915221,,68.42,23,32,,0.684,,4.28,3.31,2.77,,42.97021,,2.5,35,0.154,,0.467,-0.51,,4,0.1272,0.1291,0.4576,-0.50352,28.6,64,0.695,5.54,7.5,5.36,6.11,3.13,,
AW,Aruba,,,,,,,,,,,,,,,,,,,,,,,,,,,,,,,,,,,,,,,45.14,,,,,,,,,,,,,,,,,,,,,0.3889,0.4107,-0.2028,,,,,,,,,,
AU,Australia,3.99,3.59,2.29,3.97,3.86,4.35,4.79,48.98,47.51,45.87,50.82,50.07,-0.02034,0.321964,0.670987,-0.08803,0.152964,4.201559,3.640484,4.751559,4.506559,4.66086,4.410323,3.30129,3.108421,5.787105,5.606935,4.862826,38,90,61,51,21,71,82,64,1.894616306,0.138,81.51,39,56,,0.731,0.8,3.67,3.38,2.99,16262,66.82848,0.14,8.2,77,0.035,,0.661,0.06,0.51,46,0.0929,0.3349,0.8211,-0.89827,20.21,22,0.937,9.09,10,8.93,7.78,8.75,,37.29
AT,Austria,4.31,3.11,1.75,3.92,4.29,4.9,4.89,50.61,45.9,46.73,49.69,49.29,0.019993,0.013554,0.376107,0.017069,0.350518,3.647864,3.406893,5.309563,3.735631,4.221214,4.384515,3.139417,2.68626,6.023468,5.358155,5.745789,11,55,79,70,60,63,79,45,2.107472128,,88.56,37,56,17.6,0.744,0.82,3.27,3.23,2.63,,61.55286,-0.06,3.6,75,,1.43,0.667,0.06,,7,0.1068,0.1522,0.4146,-0.97231,15.78,21,0.851,8.29,9.58,7.86,8.33,6.88,75.8,45.73
AZ,Azerbaijan,,,,,,,,,,,,,,,,,,,,,,,,,,,,,85,22,50,88,61,22,85,59,,,67.76,2,7,,0.687,,,,,,41.71691,,4.9,31,0.175,,0.463,-0.41,,5,0.2047,0.2054,0.4899,-0.48508,58.48,84,0.713,2.75,0.5,3.21,2.78,3.75,,
BS,Bahamas,,,,,,,,,,,,,,,,,,,,,,,,,,,,,,,,,,,,,,,55.87,38,53,,0.72,,,,,,,,,65,,,,,,,0.4228,0.1855,0.6815,-0.39044,,,0.784,,,,,,,
BH,Bahrain,,,,,,,,,,,,,,,,,,,,,,,,,,,,,,,,,,,,,,,68.92,2,10,,0.629,,,,,,60.28287,,9,36,0.167,,0.469,-0.15,,6,0.5021,0.4344,0.5528,-0.31392,60.13,78,0.801,2.55,0.83,2.71,2.78,4.38,,
BD,Bangladesh,,,,,,,,44.98,50.49,46.71,51.2,53.35,,,,,,,,,,,,,,,,,80,20,55,60,47,20,,,,,50.12,15,24,,0.726,0.41,,,,,47.22224,-0.2,8.3,28,,,0.374,-0.28,0.422,2,0.0454,0.0925,0.209,0.117924,49.37,116,0.469,5.88,7.83,6.07,6.11,4.38,6.6,19.67
BB,Barbados,,,,,,,,,,,,,,,,,,,,,,,,,,,,,,,,,,,,,,,62.95,38,57,,0.749,0.65,,,,,57.78354,,,,,,0.557,,,,0.1423,0.0926,0.6934,-0.15912,,,0.788,,,,,,,
BY,Belarus,,,,,,,,,,,,,,,,,,,,,,,,,,,,,95,25,20,95,81,15,77,50,,,67.59,2,6,,0.746,0.51,,,,,,,,,0.071,,0.544,-0.21,,2,0.3222,0.4666,0.6116,-1.11945,49.75,72,0.732,2.48,0.92,2,2.78,4.38,60.5,
BE,Belgium,4.35,3.25,1.69,3.84,3.94,4.64,5.2,45.99,45.07,43.03,53.6,54.59,-0.09635,0.018268,0.326015,-0.05307,0.128911,,,,,,,,,,,,65,75,54,94,82,57,77,48,,,90.46,39,57,,0.75,0.79,3.28,3.46,2.88,,59.10609,,1.6,75,,,0.643,0.04,0.498,10,0.5554,0.5409,0.2127,-1.11841,12.57,23,0.867,7.64,9.58,8.21,5,6.88,119.8,32.82
BZ,Belize,,,,,,,,,,,,,,,,,,,,,,,,,,,,,,,,,,,,,,,56.16,34,53,,0.671,0.48,,,,,,,,,,,,,,44,0.7015,0.6303,0.5813,-0.15377,27.5,,0.694,,,,,,,
BJ,Benin,,,,,,,,,,,,,,,,,,,,,,,,,,,,,,,,,,,,,,,50.96,17,42,,0.658,0.5,,,,,38.49331,,3.7,39,,,,-0.1,,6,0.7872,0.7905,0.5544,0.217084,35.11,123,0.435,5.09,4.67,5.71,4.44,5.63,,
BM,Bermuda,,,,,,,,,,,,,,,,,,,,,,,,,,,,,,,,,,,,,,,44.45,,,,,,,,,,,,,,,,,,,,,,0.7112,-0.49511,,,,,,,,,,
BT,Bhutan,,,,,,,,,,,,,,,,,,,,,,,,,,,,,94,52,32,28,78,10,,,,,41.66,29,32,,0.635,,,,,,,,10.5,67,,,0.564,-0.51,,2,0.605,0.6056,0.3787,0.195953,28.9,,,5.3,8.75,6.79,2.78,4.38,,
BO,Bolivia,4.11,4.07,2.66,3.87,2.71,4.34,4.74,49.34,49.62,45.08,50.29,50.71,,,,,,4.856629,3.828908,4.731429,4.763391,3.872286,4.662857,3.492286,4.073465,5.6598,5.294885,6.16625,78,10,42,87,25,46,,,,,58.67,27,39,,0.734,0.38,,,,,47.96524,0.1,,33,,,0.514,-0.09,,24,0.7396,0.224,0.2085,-0.31551,35.37,110,0.643,4.84,4.75,3.93,5,3.75,,40.9
BA,Bosnia and Herzegovi,3.88,4.01,1.73,3.79,3.3,4.18,4.66,,,,,,,,,,,,,,,,,,,,,,90,22,48,87,70,44,86,41,1.577466107,,68.78,19,34,,0.712,0.52,3.2,2.49,2.34,,48.83752,-0.13,5.1,38,,,,-0.1,,1,0.63,0.6751,0.6851,-0.90719,28.51,76,0.71,4.86,6.17,2.93,5.56,3.75,51.9,
BW,Botswa,,,,,,,,49.56,52.11,50.27,48.61,48.19,,,,,,,,,,,,,,,,,,,,,,,,,2.615959777,,55.59,28,44,,0.709,0.6,,,,,48.62568,0.7,19,61,,,0.569,-0.34,,5,0.4102,0.411,0.5986,-0.22105,23.56,93,0.633,7.81,9.17,7.14,6.11,7.5,,27.02
BR,Brazil,4.03,3.62,2.37,3.93,3.52,4.27,4.89,45.89,45.86,45.38,53.14,49.16,0.015944,0.258052,0.512882,-0.0234,0.091398,4.777225,3.561818,5.022057,4.734641,4.293684,4.271675,3.196731,2.933942,5.741799,5.31756,6.003696,69,38,49,76,44,59,75,57,1.632330208,0.203,64.49,31,42,,0.691,0.52,2.68,2,2.12,18588,48.88921,-0.25,1.1,37,0.072,3.98,0.524,0.05,0.495,25,0.5408,0.0468,0.6054,-0.08696,34.05,66,0.699,6.86,9.58,5.36,6.11,5,,37.93
VG,British Virgin Islands,,,,,,,,,,,,,,,,,,,,,,,,,,,,,,,,,,,,,,,,,,,,,,,,,,,,,,,,,,,,,,-0.22797,,,,,,,,,,
BN,Brunei,,,,,,,,,,,,,,,,,,,,,,,,,,,,,,,,,,,77,72,,,62.12,7,21,,0.686,,,,,,55.76321,,14.4,62,,,,-0.06,,,0.5416,0.3438,0.4404,-0.06913,49.65,71,0.805,,,,,,,
BG,Bulgaria,4.13,3.87,2.68,4.02,3.47,4.29,4.13,,,,,,0.074254,0.229804,0.655641,0.318276,0.259109,4.68665,3.96835,4.9448,4.0923,4.08375,4.6366,2.91715,3.206458,6.216301,5.75685,6.008333,70,30,40,85,69,16,80,52,,,79.77,33,46,17,0.727,0.55,3.36,3.69,2.55,19548,48.55111,,8.8,43,0.108,1.59,0.555,0,,10,0.4021,0.3031,0.5965,-0.7209,35.06,40,0.743,7.03,9.17,6.43,7.22,4.38,60.4,
BF,Burki Faso,,,,,,,,,,,,,,,,,,,,,,,,,,,,,70,15,50,55,27,18,,,,,52.23,23,30,,0.635,0.51,,,,20227,47.47648,,,42,0.143,,0.37,-0.08,,1,0.7377,0.7228,0.5798,0.124559,23.47,117,0.305,4.04,3.92,2.71,4.44,5,,
BI,Burundi,,,,,,,,,,,,,,,,,,,,,,,,,,,,,,,,,,,,,,,40.11,4,10,,0.745,,,,,,35.23184,,1.8,22,,,0.275,,,2,0.2951,0.2977,0.5158,0.164439,55.33,128,0.282,2.15,0,0.07,3.33,5,,
KH,Cambodia,,,,,,,,,,,,,,,,,,,,,,,,,,,,,,,,,,,,,,,59.29,5,19,,0.694,0.33,,,,,43.86729,-0.4,5,21,,,,-0.21,,3,0.2105,0.2104,0.0964,0.178172,45.46,98,0.494,3.53,0.83,4.64,3.33,5.63,,
CM,Cameroon,4.19,4.46,2.46,3.6,2.13,3.58,4.68,,,,,,,,,,,,,,,,,,,,,,,,,,,,,,,,50.51,6,9,,0.686,0.36,,,,,46.4367,-0.54,1.6,25,,,0.393,-0.24,,7,0.8635,0.8898,0.7338,0.127908,43.28,115,0.46,2.85,1.67,2.5,3.33,4.38,,
CA,Cada,,,,,,,,48.32,49.14,49.05,50.58,48.75,-0.05924,0.229368,0.594319,-0.06253,0.149524,4.42629,3.949946,4.866129,4.347258,4.934032,4.768387,3.819247,3.300244,5.718161,5.836774,4.404762,39,80,52,48,36,68,83,65,1.819007328,0.175,84.18,40,58,16.6,0.772,0.81,3.54,3.33,2.62,16098,63.28902,0.18,2.9,82,0.026,0.26,0.653,0.07,0.52,63,0.7124,0.5772,0.6958,-1.70088,15.29,17,0.888,9.22,9.58,9.64,7.78,9.38,84.6,34.52
CV,Cape Verde,,,,,,,,,,,,,,,,,,,,,,,,,,,,,75,20,15,40,12,83,,,,,56.29,38,54,,0.725,,,,,,53.49315,,5.3,55,,,,-0.11,,20,0.4174,,0.0766,-0.05474,20.15,,0.534,7.78,9.17,7.36,6.67,6.88,,
KY,Cayman Islands,,,,,,,,,,,,,,,,,,,,,,,,,,,,,,,,,,,,,,,44.71,,,,,,,,,,,,,,,,,,,,,,,-0.31948,,,,,,,,,,
CF,Central African Republic,,,,,,,,,,,,,,,,,,,,,,,,,,,,,,,,,,,,,,,37.9,3,4,,,,,,,,,,,23,,,,-0.14,,9,0.8295,0.8334,0.7916,0.165655,42.87,,0.315,1.32,1.25,0,1.11,1.88,,
TD,Chad,,,,,,,,,,,,,,,,,,,,,,,,,,,,,,,,,,,,,,,41.43,1,14,,0.596,,,,,,41.07645,,2.5,20,,,,-0.33,,5,0.862,0.8635,0.6411,0.090548,39.7,,0.295,1.61,0,0,1.67,3.75,,
CL,Chile,4.33,3.64,2.25,3.78,3.03,4.32,5.06,47.55,47.02,49.72,51.39,54.69,-0.14871,0.332384,0.5074,0.141555,0.0774,4.424662,3.507243,5.026028,4.538584,4.184629,3.912644,3.195827,3.615,5.517528,5.556616,5.554444,63,23,28,86,31,68,84,58,1.6686609,0.109,76.08,38,56,,0.723,0.67,3.08,3.13,2.83,18893,51.56625,0.13,2.9,67,0.078,,0.589,0,,35,0.1861,0.1871,0.3841,-0.89491,27.31,51,0.783,8.08,9.58,8.57,5,8.13,86.8,
CN,Chi,3.78,3.74,3.49,4.41,3.3,4.18,4.23,,,,,,0.121248,0.18785,0.368238,0.154974,0.285567,5.1524,4.5364,5.12245,4.58905,5.2562,5.07975,3.78915,4.292424,5.636082,5.89575,5.146,80,20,66,30,87,24,78,61,2.087289677,,64.28,-2,11,,0.676,0.48,4.41,2.83,2.55,19384,43.25594,-0.02,4.9,41,0.15,1.03,0.531,0,0.471,1,0.1538,0.1327,0.6643,-0.31342,78.48,14,0.663,2.26,0,4.29,3.33,2.5,,
CX,Christmas Island,,,,,,,,,,,,,,,,,,,,,,,,,,,,,,,,,,,,,,,,,,,,,,,,,,,,,,,,,,,,,,-0.21117,,,,,,,,,,
MF,Collectivity of Saint Martin,,,,,,,,,,,,,,,,,,,,,,,,,,,,,,,,,,,,,,,,,,,,,,,,,,,,,,,,,,,,,,,,,,,,,,,,
CO,Colombia,3.66,3.86,2.9,4.03,3.61,4.3,4.69,,,,,,0.176186,0.012116,0.458778,0.269893,0.299047,4.418066,3.56453,4.926961,4.383204,3.758785,4.478674,3.207956,3.35386,5.832054,5.887569,5.984063,67,13,64,80,13,83,88,48,1.469078038,0.199,63.66,29,35,,0.758,0.5,,,,,50.82257,-0.05,1.8,37,0.102,,0.47,-0.05,,23,0.6014,0.0193,0.1478,-0.07091,42.66,67,0.689,7.13,9.17,6.79,5.56,5.63,,
KM,Comoros,,,,,,,,,,,,,,,,,,,,,,,,,,,,,,,,,,,,,,,40.42,16,26,,,,,,,,,,,27,,,,-0.61,,2,0,0.0103,0.0137,0.222509,29.77,,0.428,3.15,2.08,2.21,3.89,3.75,,
CG,Congo,,,,,,,,51.19,53.82,55.71,44.58,46.23,,,,,,,,,,,,,,,,,,,,,,,,,,,53.67,2,15,,,,,,,,,,,21,,,,-0.12,,,0.8747,0.6871,0.6642,0.165712525,36.56,,0.489,3.11,2.17,2.5,3.89,3.75,,
CK,Cook Islands,,,,,,,,,,,,,,,,,,,,,,,,,,,,,,,,,,,,,,,,,,,,,,,,,,,,,,,,,,,,,,-1.24881,,,,,,,,,,
CR,Costa Rica,4.13,3.49,2.29,4.01,3.49,4.37,4.85,,,,,,,,,,,,,,,,,,,,,,35,15,21,86,,,88,46,,,71.49,38,53,,0.782,0.68,,,,,54.47663,<0.01,1.8,59,,1.13,,,,24,0.2368,0.0489,0.2414,-0.08224,10.53,55,0.725,8.13,9.58,7.5,6.67,7.5,,
HR,Croatia,4.02,4,2.55,4.05,3.92,4.35,4.6,51.7,45.2,46.02,46.16,48,-0.12691,0.403213,0.571037,0.019001,0.240571,,,,,,,,,,,,73,33,40,80,58,33,87,47,,,81.19,36,49,,0.72,0.61,3.71,3.42,3.21,,45.8959,0.07,3.2,49,,,0.503,-0.02,0.451,12,0.369,0.0763,0.4447,-0.80747,28.51,44,0.767,6.57,9.17,6.07,5.56,5,55,42.98
CU,Cuba,,,,,,,,,,,,,,,,,,,,,,,,,,,,,,,,,,,,,,,62.12,1,11,,0.746,,,,,,,,,47,,,,,,24,0.5908,,0.5059,-0.30148,63.81,,,2.84,0,3.57,3.33,4.38,,
CW,Curacao,,,,,,,,,,,,,,,,,,,,,,,,,,,,,,,,,,,,,,,,,,,,,,,,,,,,,,,,,,,,,,,,,,,,,,,,
CY,Cyprus,4.01,4.04,1.96,3.95,3.21,3.83,4.85,49.1,51.16,48.49,51.44,49.36,,,,,,,,,,,,,,,,,,,,,,70,,,,,83.06,38,55,,0.692,,,,,19241,56.67901,,3.4,57,0.057,,0.559,0.01,,4,0.0939,0.3962,0.3962,-0.40433,20.45,28,0.81,7.59,9.17,6.43,6.67,6.88,,
CZ,Czech Republic,4.27,3.59,2.22,3.75,3.49,4.62,4.45,50.22,44.09,42.87,51.02,50.59,-0.12362,0.255877,0.466501,0.087901,0.024252,4.105257,3.497134,5.12336,4.563379,4.38915,4.450257,2.831917,2.879261,6.014506,5.674822,5.952977,57,58,57,74,70,29,75,55,1.553898109,,84.88,36,55,14.3,0.706,0.73,3.99,3.66,2.51,,49.96258,-0.02,1.8,57,,0.28,0.636,0.03,0.468,4,0.3222,0.3233,0.6591,-1.0371,23.57,26,0.841,7.69,9.58,6.79,6.67,6.88,59.6,37.52
CD,Democratic Republic of the Congo,,,,,,,,,,,,,,,,,,,,,,,,,,,,,,,,,,,,,,,44.54,4,15,,0.578,0.34,,,,,,,2.6,,,,,0.07,,7,0.8747,0.8705,0.7021,0.111068457,49.09,,0.239,1.13,0,0,1.67,3.13,,32.43
DK,Denmark,4.16,3.19,1.86,3.91,4.3,4.77,5.03,,,,,,0.032109,0.199804,0.645817,0.150127,0.222793,,,,,,,,,,,,18,74,16,23,35,70,83,54,,,87.96,40,57,,0.782,0.9,,,,,65.83964,,6,88,,,0.698,0.06,0.505,5,0.0819,0.1049,0.2334,-1.31019,8.13,7,0.866,9.22,10,9.29,8.33,9.38,65.5,
DJ,Djibouti,,,,,,,,,,,,,,,,,,,,,,,,,,,,,,,,,,,,,,,57.02,5,19,,,,,,,,,,,31,,,,-0.3,,,0.7962,0.6558,0.0435,0.178021,76.73,,0.402,2.77,0.42,1.29,3.89,5.63,,
DM,Dominica,,,,,,,,,,,,,,,,,,,,,,,,,,,,,,,,,,,,,,,54.08,37,56,,,0.58,,,,,,,,57,,,,,,,0.2003,,0.4628,-0.18314,,,,,,,,,,
DO,Dominican Republic,,,,,,,,,,,,,,,,,,,,,,,,,,,,,65,30,65,45,13,54,84,55,,,65.31,27,41,,0.7,0.48,,,,,53.31358,,4.2,29,,,0.482,,,23,0.4294,0.0395,0.3118,-0.07795,27.9,87,0.663,6.54,9.17,5.36,6.11,5,,
EC+XA61:AJ61,Ecuador,,,,,,,,,,,,,,,,,,,,,,,,,,,,,78,8,63,67,,,,,1.799983486,,60.05,31,40,,0.729,0.49,3.58,3.55,2.94,,49.83137,,2.5,32,0.109,,0.494,-0.07,,23,0.655,0.1308,0.1417,-0.16771,32.62,99,0.695,6.33,8.75,5.36,6.11,4.38,,
EG,Egypt,3.98,4.45,2.2,3.66,2.5,3.9,4.42,,,,,,-0.21103,0.292715,0.60182,0.103246,0.03642,,,,,,,,,,,,70,25,45,80,7,4,,,,-0.194,68.34,6,12,,0.629,0.36,4.14,2.13,2.43,21767,40.68487,-0.28,5,32,0.234,,0.42,-0.26,,2,0.1836,0.0237,0.1979,-0.00013,56.82,92,0.62,3.06,2.67,3.21,3.33,3.75,3.9,
SV,El Salvador,,,,,,,,,,,,,,,,,,,,,,,,,,,,,66,19,40,94,20,89,,,,,65.04,26,33,,0.706,,,,,,45.21776,,1.3,33,,3.63,0.453,,,2,0.1978,,0.3559,-0.13181,29.7,108,0.659,6.15,9.17,4.64,6.11,3.75,,
GB-ENG,England,3.83,3.46,2.09,4.12,4,4.5,4.8,,,,,,,,,,,,,,,,,,,,,,,,,,,,,,,,,,,,,,,,,,,,,,,2.09,,,,,,,,,,,,,,,,,,
GQ,Equatorial Guinea,,,,,,,,,,,,,,,,,,,,,,,,,,,,,,,,,,,,,,,46.11,0,5,,,,,,,,,,,17,,,,-0.34,,21,0.3467,0.322,0.1195,0.031918,56.38,,0.538,1.92,0,0.43,3.33,4.38,,
ER,Eritrea,,,,,,,,,,,,,,,,,,,,,,,,,,,,,,,,,,,,,,,30.99,1,2,,,,,,,,,,,20,,,,,,3,0.6524,0.653,0.4253,0.036916,83.5,,,2.37,0,2.14,1.67,6.88,,
EE,Estonia,4.31,3.81,2.04,3.79,3.36,4.23,4.58,50.41,49.58,45.84,46.99,53.17,,,,,,,,,,,,,,,,,40,60,30,60,82,16,81,47,1.569719892,-0.024,82.91,38,56,,0.751,0.81,3.3,3.57,2.39,,51.08322,-0.3,7.5,71,0.117,,0.621,0.01,,5,0.5062,0.4944,0.4985,-1.36573,12.61,24,0.812,7.9,9.58,7.86,6.67,6.88,55.4,39.95
ET,Ethiopia,4.19,4.54,2.33,3.79,2.61,3.94,4.4,47.11,51.82,54.36,46.12,47.15,,,,,,,,,,,,,,,,,70,20,65,55,,46,,,,,45.47,12,11,,0.705,0.41,,,,21452,45.05408,,6.2,35,0.13,,0.352,-0.13,,1,0.7235,0.8073,0.6249,0.008776,32.82,111,0.328,3.44,0.42,3.57,5.56,5,,26.55
FK,Falkland Islands,,,,,,,,,,,,,,,,,,,,,,,,,,,,,,,,,,,,,,,,,,,,,,,,,,,,,,,,,,,,,,-2.04919,,,,,,,,,,
FO,Faroe Islands,,,,,,,,,,,,,,,,,,,,,,,,,,,,,,,,,,,,,,,42.36,,,,,,,,,,,,,,,,,,,,,,0.3147,-1.56755,,,,,,,,,,
FM,Federated States of Micronesia,,,,,,,,,,,,,,,,,,,,,,,,,,,,,,,,,,,,,,,45.57,37,55,,,,,,,,,,,,,,,,,,0.7005,0.7483,0.6469,-0.21521,,,0.614,,,,,,,
FJ,Fiji,3.83,4.33,2.58,3.77,3.2,3.85,4.67,49.89,49.27,46,48.03,47.21,,,,,,,,,,,,,,,,,78,14,46,48,,,,,,,57.24,23,35,,0.678,,,,,,,,,,,,0.465,-0.2,,13,0.5479,0.5479,0.5682,-0.6948,27.41,,0.669,5.85,6.58,5.36,6.11,5.63,,38.58
FI,Finland,4.34,3.37,1.8,3.66,3.96,4.93,4.9,48.84,49.46,51.6,47.84,50.33,-0.15162,0.362478,0.736969,-0.05172,0.139486,,,,,,,,,,,,33,63,26,59,38,57,81,46,1.68799865,,87.7,40,60,,0.832,0.87,,,,16690,62.18414,-0.28,0.6,85,0.072,,0.679,0.06,,1,0.1315,0.1412,0.2531,-1.56647,7.93,6,0.871,9.25,10,8.93,8.89,8.75,74.5,50.5
FR,France,4.21,3.2,2.21,3.72,4.39,5.13,5.05,45.44,46.64,49.26,52.29,48.09,-0.11735,0.263905,0.52564,-0.04992,0.083645,,,,,,,,,,,,68,71,43,86,63,48,76,57,,0.213,87.69,38,51,,0.781,0.73,3.83,3.73,3.12,,56.08422,-0.03,2.6,,0.079,1.36,0.624,0.04,,11,0.1032,0.1221,0.4029,-0.89711,22.92,16,0.872,8.12,9.58,7.86,7.78,6.88,99.6,36.67
GF,French Guia,,,,,,,,,,,,,,,,,,,,,,,,,,,,,,,,,,,,,,,,,,,,,,,,,,,,,,,,,,,,0.1154,0.4959,-0.12284,,,,,,,,,,
PF,French Polynesia,,,,,,,,,,,,,,,,,,,,,,,,,,,,,,,,,,,,,,,.,,,,,,,,,,,,,,,,,,,,,0.6078,0.5813,,,,,,,,,,,
GA,Gabon,,,,,,,,,,,,,,,,,,,,,,,,,,,,,,,,,,,,,,,53.47,3,18,,,,,,,,43.50825,,,32,,,,-0.25,,6,0.769,0.7821,0.6674,0.183686,37.2,,0.648,3.61,2.58,2.21,4.44,5,,
GM,Gambia,,,,,,,,,,,,,,,,,,,,,,,,,,,,,,,,,,,,,,,53.44,21,26,,0.628,0.5,,,,,48.88509,,4.6,30,,,0.414,-0.21,,2,0.7864,0.8076,0.097,0.144143,30.62,,0.39,4.33,4,4.29,3.33,5.63,,
GE,Georgia,4.09,4.12,2.46,3.73,3.47,4,4.66,,,,,,,,,,,,,,,,,,,,,,65,41,55,85,38,32,78,45,,,71.58,22,36,,0.708,0.6,,,,20103,44.30328,-0.08,9.7,56,0.143,,0.456,,0.478,4,0.4923,0.4749,0.6543,-0.42395,28.59,48,0.698,5.42,7.83,3.21,6.11,4.38,,
DE,Germany,,,,,,,,50.31,45.08,46.52,50.29,47.8,0.047347,0.352531,0.66445,-0.02697,0.268112,3.5733,3.14335,5.058916,4.134138,4.414236,4.263103,3.642759,3.012388,5.916791,5.45399,4.811739,35,67,66,65,83,40,78,41,2.035488247,-0.011,88.83,39,55,,0.787,0.84,3.58,2.84,2.02,17919,61.60186,-0.04,5.8,81,0.08,3,0.656,0.06,0.455,7,0.1682,0.1642,0.6571,-1.14363,12.16,9,0.885,8.68,9.58,8.57,8.33,7.5,82.9,39.68
GH,Gha,3.53,4.27,2.68,4.12,2.49,3.89,4.73,,,,,,,,,,,,,,,,,,,,,,80,15,40,65,4,72,,,2.930553883,,61.13,35,45,,0.673,0.57,,,,20203,54.88724,0.62,4.7,40,0.153,,0.494,-0.49,,3,0.6733,0.6731,0.7987,0.182246,22.26,106,0.467,6.63,8.33,5.71,6.67,6.25,,
GR,Greece,4.4,3.41,1.83,4.25,3.92,4.39,4.84,48.6,52.42,47.45,53.19,51.53,-0.12102,0.225955,0.663309,0.03991,0.118052,,,,,,,,,,,,60,35,57,112,45,50,82,53,1.712633569,,82.89,37,50,,0.701,0.61,,,,,43.34377,-0.16,0.8,48,,0.54,0.506,0,0.452,1,0.1576,0.03,0.1534,-0.39496,28.8,41,0.855,7.43,9.58,4.86,6.67,7.5,58.3,32.38
GL,Greenland,,,,,,,,,,,,,,,,,,,,,,,,,,,,,,,,,,,,,,,.,,,,,,,,,,,,,,,,,,,,,0.2188,0.4592,-2.29416,,,,,,,,,,
GD,Greda,,,,,,,,,,,,,,,,,,,,,,,,,,,,,,,,,,,,,,,52.38,37,52,,,0.59,,,,,,,,52,,,,,,,0.2661,,0.5898,-0.16298,,,,,,,,,,
GP,Guadeloupe,,,,,,,,,,,,,,,,,,,,,,,,,,,,,,,,,,,,,,,,,,,,,,,,,,,,,,,,,,,,0.0933,0.3069,-0.20088,,,,,,,,,,
GU,Guam,,,,,,,,,,,,,,,,,,,,,,,,,,,,,,,,,,,,,,,.,,,,,,,,,,,,,,,,,,,,,0.732,0.4082,-0.20538,,,,,,,,,,
GT,Guatemala,,,,,,,,,,,,,-0.01307,0.240771,0.605978,-0.16827,0.292993,,,,,,,,,,,,95,6,37,101,,,,,,,61.65,21,30,,0.666,0.45,,,,20050,52.22227,-0.22,2.3,28,0.134,,0.433,,,24,0.5122,0.4586,0.3753,-0.10711,35.74,107,0.56,5.26,6.92,4.64,3.89,4.38,,
GN,Guinea,,,,,,,,,,,,,,,,,,,,,,,,,,,,,,,,,,,,,,,48.34,10,24,,0.642,0.42,,,,,46.12241,,5.1,27,,,0.341,-0.11,,3,0.7389,0.7725,0.2649,0.141963,34.34,125,0.34,3.14,3.5,0.43,4.44,4.38,,
GW,Guinea-Bissau,,,,,,,,,,,,,,,,,,,,,,,,,,,,,,,,,,,,,,,39.33,17,26,,,,,,,,,,,17,,,,-0.36,,5,0.8082,0.8141,0.6128,-0.00374,32.06,,0.289,2.63,4.92,0,2.78,3.13,,
GY,Guya,,,,,,,,,,,,,,,,,,,,,,,,,,,,,,,,,,,,,,,53.8,30,436,,,0.5,,,,,,,,38,,,0.405,,,27,0.6195,0.0688,0.7876,0.045136,26.63,,0.611,6.15,6.92,5.36,6.11,5,,
HT,Haiti,,,,,,,,,,,,,,,,,,,,,,,,,,,,,,,,,,,,,,,44.51,11,22,,,,,,,,45.68771,0.02,1.6,22,,,,,,23,0.095,,0.4704,0.020002,30.2,,0.404,4.57,4.75,2.07,3.89,6.25,,
HN,Honduras,,,,,,,,,,,,,,,,,,,,,,,,,,,,,80,20,40,50,,,,,,,60.49,21,26,,0.722,0.4,,,,,52.83082,,1.1,29,,,0.464,,,23,0.1867,0.0553,0.2357,-0.03009,48.2,104,0.604,5.42,7.83,4.29,4.44,4.38,,
HK,Hong Kong,3.5,3.76,2.91,4.08,3.2,4.28,4.5,46.91,42.69,41.53,52.41,41.64,0.035178,0.243474,0.517059,0.004104,0.159341,4.706653,4.181193,4.685579,4.719545,4.910661,4.579342,3.749339,4.101374,5.226391,5.127066,4.566143,68,25,57,29,61,17,74,75,,-0.338,67.08,10,33,,,0.76,,,,,,,5.4,77,0.09,1.39,,0.05,0.399,3,0.062,0.2128,0.4191,-0.31718,30.01,13,0.862,6.02,3.58,4.36,6.11,7.5,,22.9
HU,Hungary,4.34,3.6,1.94,3.73,3.63,4.57,4.51,,,,,,-0.02501,0.06665,0.451647,0.137456,0.209187,,,,,,,,,,,,46,80,88,82,58,31,85,51,1.456466116,-0.387,83.83,26,43,16.7,0.677,0.53,3.5,3.11,2.5,,49.43695,-0.5,7.2,45,0.102,0.01,0.6,0.04,0.495,12,0.1522,0.0297,0.5244,-0.93725,30.84,33,0.805,6.63,8.75,6.07,5,6.25,42.8,
IS,Iceland,,,,,,,,,,,,,0.05723,0.212371,0.517191,0.104615,-0.08308,,,,,,,,,,,,30,60,10,50,28,67,81,56,1.975556507,,71.91,37,57,,0.877,,,,,,65.95292,,0.6,77,,,0.687,0.06,,,0.0798,0.082,0.1913,-1.61087,15.12,20,0.869,9.58,10,9.29,8.89,10,51.2,
IN,India,3.92,3.97,3.05,4.28,3.48,4.02,4.45,47.42,50.43,47.36,50,48.48,-0.0855,0.158158,0.359477,0.018524,0.049641,4.512267,4.022093,5.010233,4.681802,4.516628,4.955116,3.557674,3.535294,5.104941,5.809651,,77,48,56,40,51,26,,,2.528768776,,62.23,33,33,,0.668,0.51,4.14,2.88,3.19,20083,46.76196,-0.28,7,40,0.093,,0.468,-0.12,0.495,3,0.4182,0.8069,0.3263,0.10417,45.33,52,0.519,6.9,8.67,6.79,6.67,5.63,43.7,
ID,Indonesia,3.82,4.27,2.56,3.84,3.41,3.94,4.32,51.25,46.38,47.19,49.73,48.01,0.042817,0.198356,0.360695,-0.03317,0.11175,,,,,,,,,,,,78,14,46,48,62,38,83,48,2.326651522,,63.22,30,29,,0.7,0.53,3.72,2.66,2.8,19354,63.23262,-0.32,5.8,37,0.178,4.14,0.481,-0.22,0.42,2,0.7351,0.768,0.2343,0.10322,36.82,85,0.6,6.48,7.92,7.14,6.11,5.63,3.1,
IR,Iran,3.69,4.18,3.23,3.91,2.97,3.96,4.53,,,,,,0.272315,-0.03027,0.207199,0.140084,0.193377,,,,,,,,,,,,58,41,43,59,14,40,,,2.261758392,,53.79,4,10,,0.584,0.43,,,,,52.84974,0.34,4,30,0.15,,0.453,-0.16,,3,0.6684,0.7462,0.1152,-0.26315,64.81,61,0.702,2.38,0,2.86,4.44,3.13,31.5,
IQ,Iraq,,,,,,,,,,,,,,,,,,,,,,,,,,,,,95,30,70,85,25,17,,,,,46.73,16,13,,0.53,,,,,,,0.17,,18,0.162,,,-0.31,,5,0.3689,0.3694,0.4844,-0.28704,55.37,,,3.74,5.25,0,6.67,5,,
IE,Ireland,3.77,3.41,2.09,4.04,4.05,4.54,4.9,,,,,,0.023212,0.237807,0.470392,0.068083,0.198081,,,,,,,,,,,,28,70,68,35,24,65,82,64,1.791287214,,85.54,39,58,16.3,0.798,,,,,,64.89507,,1.2,74,,3.02,0.727,0.11,,,0.1206,0.0312,0.1553,-1.19455,12.6,12,0.895,9.24,10,7.86,8.33,10,71.2,
IM,Isle of Man,,,,,,,,,,,,,,,,,,,,,,,,,,,,,,,,,,,,,,,,,,,,,,,,,,,,,,,,,,,,,0.4729,,,,,,,,,,,
IL,Israel,,,,,,,,48.65,49.44,52.4,49.27,50.95,-0.14949,0.373765,0.676239,-0.13491,0.00169,,,,,,,,,,,,13,54,47,81,38,,80,N/A,1.617506121,0.088,76.88,34,42,,0.718,,,,,,55.25523,0.24,5.2,62,,,0.525,0.03,0.442,22,0.3436,0.5525,0.3469,-0.3841,30.84,10,0.872,7.86,9.17,7.86,8.89,7.5,,40.95
IT,Italy,4.62,3.46,1.6,3.81,3.3,4.91,5.27,49.8,46.52,48.62,51.66,50,0.002064,0.26227,0.579488,-0.0092,0.11475,4.815561,3.648683,5.53122,4.034,5.123463,4.72361,3.572585,4.482628,6.070444,5.907024,5.140769,50,76,70,75,61,30,79,58,1.873246848,,82.82,36,54,14.1,0.707,0.66,,,,18325,55.09527,-0.09,1.6,50,0.061,2.13,0.58,0.02,0.451,5,0.1145,0.1147,0.3027,-0.6274,23.69,30,0.854,7.52,9.58,6.07,7.78,6.25,67.8,34.37
CI,Ivory Coast,,,,,,,,,,,,,,,,,,,,,,,,,,,,,,,,,,,,,,,53.45,,,,0.606,0.46,,,,,,,,,,,0.49,-0.14,,3,0.8204,0.7842,0.7551,0.09828,28.94,103,0.397,4.05,4.33,2.86,3.33,5.63,,
JM,Jamaica,,,,,,,,,,,,,,,,,,,,,,,,,,,,,45,39,68,13,,,,,,,62.2,34,46,,0.735,0.57,,,,,51.36274,,8.6,44,,,0.463,,,27,0.4129,0.1098,0.616,-0.1745,10.51,81,0.688,6.96,8.75,7.14,4.44,6.25,,
JP,Japan,4.21,3.49,2.65,4.06,3.76,4.78,4.36,46.73,42.21,37.82,57.87,41.53,0.105942,0.047273,0.253465,0.010195,0.431329,4.551298,4.065785,4.453526,4.538125,4.829663,4.058654,4.177772,3.904899,5.118058,5.326859,5.246585,54,46,95,92,88,42,58,71,2.104577587,-0.414,78.4,40,56,16.4,0.652,0.78,3.16,2.86,2.69,17471,46.87021,-0.36,1.2,73,0.115,2.68,0.626,0.03,0.464,1,0.0119,0.0178,0.5406,-0.60505,28.86,15,0.884,7.99,8.75,8.21,6.67,7.5,43.3,24.1
JE,Jersey,,,,,,,,,,,,,,,,,,,,,,,,,,,,,,,,,,,,,,,,,,,,,,,,,,,,,,,,,,,,,0.5479,,,,,,,,,,,
JO,Jordan,3.67,4.2,2.5,4.2,3.36,4.05,4.4,48.35,53.75,49.77,49.86,47.1,,,,,,,,,,,,,,,,,70,30,45,65,16,43,82,47,,-0.341,73.4,11,22,,0.623,0.57,,,,21656,49.16676,-0.12,6.4,48,0.195,2.44,0.481,-0.13,,6,0.5926,0.0396,0.0659,-0.26481,42.08,86,0.681,3.93,3.58,4.29,3.89,4.38,5.1,
KZ,Kazakhstan,,,,,,,,,,,,,,,,,,,,,,,,,,,,,88,20,50,88,85,22,78,41,2.108491061,,64.14,5,18,,0.71,0.52,3.88,3.11,2.83,,47.69769,0.25,6.9,31,0.107,,0.502,-0.1,,8,0.6171,0.6621,0.5898,-0.84821,54.11,79,0.714,2.94,0.5,2.14,4.44,4.38,,
KE,Kenya,,,,,,,,,,,,,0.408942,0.236318,0.576264,0.296348,0.447087,5.208768,4.366832,5.268564,4.806328,4.433872,5.265017,3.437065,4.183816,5.193421,5.749501,5.242795,70,25,60,50,,,,,2.370974914,,55.79,19,29,,0.671,0.45,,,,,59.28145,0.24,2.9,28,,0.78,0.363,0.07,,4,0.8588,0.886,0.7765,0.116521,33.72,77,0.47,5.18,3.5,5.71,6.67,5.63,,
KI,Kiribati,,,,,,,,,,,,,,,,,,,,,,,,,,,,,,,,,,,,,,,45.77,37,56,,,,,,,,,,,,,,,,,,0.0511,0.0237,0.5541,-0.94468,,,,,,,,,,
XK,Kosovo,,,,,,,,,,,,,,,,,,,,,,,,,,,,,,,,,,,,,,,,25,31,,,0.54,,,,,,,,,,,,,,,,,,,29.33,,,,,,,,,
KW,Kuwait,,,,,,,,,,,,,,,,,,,,,,,,,,,,,90,25,40,80,,,,,,,71.86,14,23,,0.65,,,,,,56.57221,,8.7,39,0.122,,,-0.15,,10,0.6604,0.3444,0.6745,-0.30278,34.3,60,0.771,3.93,3.58,4.29,3.89,4.38,,
KG,Kyrgyzstan,,,,,,,,,,,,,,,,,,,,,,,,,,,,,,,,,,,,,,,62.32,4,23,,0.689,0.48,,,,,51.48432,,2.6,29,0.132,,0.428,-0.15,,5,0.6752,0.5949,0.447,-0.53131,30.19,90,0.592,4.89,6.08,2.93,6.67,3.75,52.6,
LA,Laos,,,,,,,,,,,,,,,,,,,,,,,,,,,,,,,,,,,,,,,45.37,2,11,,0.731,,,,,,40.44969,,6.8,29,,,,-0.25,,3,0.5139,0.6382,0.5453,0.141789,64.28,,0.497,2.14,0,2.86,1.67,5,,
LV,Latvia,4.46,3.83,1.8,3.75,3.48,4.22,4.32,49.39,43.79,44.21,51.11,49.91,-0.06309,0.036101,0.2546,0.050185,0.17155,,,,,,,,,,,,44,70,9,63,69,13,77,51,1.896011321,,79.77,37,51,13.9,0.785,,3.88,3.48,3.14,,45.50413,,4.6,58,,,0.588,-0.04,,6,0.5867,0.5795,0.5556,-1.29842,18.56,34,0.769,7.49,9.58,6.07,6.11,6.88,42.7,43.93
LB,Lebanon,,,,,,,,48.32,46.1,44.56,53.35,49.4,,,,,,,,,,,,,,,,,75,40,65,50,14,25,71,47,,-0.163,67.68,13,29,,0.599,0.45,,,,,46.86039,,3.9,28,0.103,,0.405,-0.17,,5,0.1314,0.1312,0.7886,-0.33308,33.19,88,,4.36,3.92,1.5,6.67,5,,28.57
LS,Lesotho,,,,,,,,,,,,,,,,,,,,,,,,,,,,,,,,,,,,,,,48.99,27,36,,0.695,,,,,,48.4651,,0.6,42,,,,-0.22,,1,0.255,0.2543,0.7211,-0.41626,30.45,,0.427,6.54,9.17,4.5,6.67,5.63,,
LR,Liberia,,,,,,,,,,,,,,,,,,,,,,,,,,,,,,,,,,,,,,,47.73,27,33,,0.685,0.45,,,,,,,10.8,31,,,,0.19,,21,0.9084,0.9038,0.4883,0.19048,32.25,,0.3,5.45,7.42,3.07,5.56,5.63,,
LY,Libya,,,,,,,,,,,,,,,,,,,,,,,,,,,,,80,38,52,68,23,34,,,,-0.255,55.28,1,8,,,,,,,,,,,17,0.146,,,,,5,0.792,0.0758,0.057,-0.12107,55.77,,0.755,2.02,0,0,2.78,4.38,,
LI,Liechtenstein,,,,,,,,,,,,,,,,,,,,,,,,,,,,,,,,,,,,,,,54.21,33,57,,,,,,,,,,,,,,,,,,0.5726,0.2246,0.3343,-0.79456,19.52,,0.891,,,,,,,
LT,Lithuania,,,,,,,,49.71,42.61,44.56,51.87,49.04,0.215162,0.503466,0.971522,0.665732,0.425381,,,,,,,,,,,,42,60,19,65,82,16,83,55,,,81.15,38,51,,0.745,,,,,,46.97552,-0.05,3.2,59,,,0.585,-0.23,,5,0.3223,0.3219,0.4141,-1.22353,21.19,38,0.783,7.5,9.58,6.43,6.11,6.25,54.4,46.1
LU,Luxembourg,,,,,,,,,,,,,,,,,,,,,,,,,,,,,40,60,50,70,64,56,78,51,,,82.82,38,59,,0.725,,,,,,60.53704,,3.9,82,,,0.721,0.05,,9,0.5302,0.644,0.0911,-1.17858,15.46,18,0.852,8.81,10,8.93,6.67,8.75,113.9,
MO,Macau,,,,,,,,,,,,,,,,,,,,,,,,,,,,,,,,,,,,,,,51.79,,,,,,,,,,,,,,,,,0.02,,,,0.2519,0.5511,,,,,,,,,,,
MG,Madagascar,,,,,,,,,,,,,,,,,,,,,,,,,,,,,,,,,,,,,,,48.85,27,34,,0.719,0.44,,,,,46.17269,,5.4,24,,,0.337,-0.26,,2,0.8791,0.0204,0.5191,-0.02267,27.68,121,0.435,5.64,7.92,3.57,6.11,5.63,,
MW,Malawi,,,,,,,,,,,,,,,,,,,,,,,,,,,,,70,30,40,50,,,,,,,48.58,29,37,,0.664,0.52,,,,,45.14215,0.48,3.8,31,,,0.4,0.31,,3,0.6744,0.6023,0.8192,-0.02356,29.32,118,0.385,5.5,6.08,4.29,5,6.25,,
MY,Malaysia,3.65,4.35,2.25,3.91,2.98,4.15,4.41,50.03,48.55,47.08,48.14,47.61,0.236577,0.104563,0.325663,0.252832,0.437831,,,,,,,,,,,,100,26,50,36,41,57,73,70,2.138967252,-0.39,81.55,20,30,,0.677,0.58,,,,19729,56.68374,,6.1,47,0.125,,0.61,0.02,0.446,5,0.588,0.597,0.6657,0.083128,33.12,35,0.744,7.16,9.17,7.86,6.67,6.25,,
MV,Maldives,,,,,,,,,,,,,,,,,,,,,,,,,,,,,,,,,,,,,,,51.72,19,21,,0.646,,,,,,,,,33,,,,-0.19,,,,,,0.029313,29.93,,0.602,,,,,,,
ML,Mali,,,,,,,,,,,,,,,,,,,,,,,,,,,,,,,,,,,,,,,48.6,8,24,,0.621,0.44,,,,21771,46.5597,,2.6,31,0.155,,0.346,-0.22,,3,0.6906,0.8388,0.182,0.111807,34.12,112,0.309,4.92,6.42,3.07,3.89,5.63,,
MT,Malta,,,,,,,,50.45,49.56,45.97,52.35,50.66,,,,,,,,,,,,,,,,,56,59,47,96,47,66,82,65,,,77.28,35,54,,0.693,,,,,,63.90469,,9.8,56,,,0.635,0.03,,5,0.0414,0.0907,0.1223,-0.45321,30.16,27,0.815,7.95,9.17,7.5,6.11,8.13,28.1,31.27
MH,Marshall Islands,,,,,,,,,,,,,,,,,,,,,,,,,,,,,,,,,,,,,,,45.75,38,55,,,,,,,,,,,,,,,,,,0.0603,0.0601,0.5207,-0.32831,,,,,,,,,,
MQ,Martinique,,,,,,,,,,,,,,,,,,,,,,,,,,,,,,,,,,,,,,,,,,,,,,,,,,,,,,,,,,,,0.0653,0.2336,-0.17542,,,,,,,,,,
MR,Mauritania,,,,,,,,,,,,,,,,,,,,,,,,,,,,,,,,,,,,,,,50.57,14,21,,0.614,0.36,,,,,41.91851,,1.7,28,,,,-0.37,,1,0.615,0.326,0.0149,-0.08155,32.54,,0.433,3.92,3.5,3.57,5,3.13,,
MU,Mauritius,,,,,,,,,,,,,,,,,,,,,,,,,,,,,,,,,,,,,,0.059,72.27,36,50,,0.665,0.61,3.28,2.68,2.33,,59.64731,,9.5,50,,,0.581,-0.13,,8,0.4634,0.4547,0.6385,-0.29125,28,82,0.701,8.22,9.17,8.21,5.56,8.75,,
YT,Mayotte,,,,,,,,,,,,,,,,,,,,,,,,,,,,,,,,,,,,,,,,,,,,,,,,,,,,,,,,,,,,0.7212,0.062,-0.15917,,,,,,,,,,
MX,Mexico,4.5,3.9,2.13,3.9,2.83,4.36,4.73,50.24,49.51,45.72,48,52.26,0.213521,0.216853,0.509407,0.200476,0.266012,5.059864,4.186565,4.764116,4.983503,4.188265,4.560204,3.413265,3.929293,5.573537,5.181293,5.248677,81,30,69,82,24,97,88,58,1.664417084,0.359,71.68,27,33,,0.754,0.44,3.72,3.42,2.72,18178,44.73248,-0.14,2.6,29,0.077,4.23,0.496,-0.06,0.485,25,0.5418,0.1511,0.1796,-0.28146,45.45,56,0.75,6.09,7.83,6.07,7.22,3.13,74.7,35.69
MD,Moldova,,,,,,,,,,,,,,,,,,,,,,,,,,,,,90,27,39,95,71,19,84,57,,,68.34,27,35,,0.757,0.5,,,,17863,45.04763,-0.03,1.9,31,0.1,,0.498,0.03,,21,0.5535,0.5533,0.5603,-0.71836,31.16,58,0.623,5.75,6.58,4.64,6.11,4.38,41.9,
MC,Moco,,,,,,,,,,,,,,,,,,,,,,,,,,,,,,,,,,,,,,,49.94,27,57,,,,,,,,,,,,,,,,,,0.6838,0.7305,0.3047,-0.65771,,,,,,,,,,
MN,Mongolia,,,,,,,,,,,,,,,,,,,,,,,,,,,,,,,,,,,,,,,64.54,36,48,,0.706,0.53,,,,,55.85531,,3,36,,,,-0.29,,4,0.3682,0.3734,0.0799,-0.79151,29.61,53,0.622,6.5,9.17,5.71,5.56,5,,
ME,Montenegro,,,,,,,,,,,,,,,,,,,,,,,,,,,,,88,24,48,90,75,20,87,39,,,70.85,26,41,,0.71,,,,,,48.87242,,5.9,46,,,,-0.25,,,,,,-0.85589,33.83,45,0.769,5.65,5.67,5.36,6.11,4.38,61.8,
MS,Montserrat,,,,,,,,,,,,,,,,,,,,,,,,,,,,,,,,,,,,,,,,,,,,,,,,,,,,,,,,,,,,,,-0.19888,,,,,,,,,,
MA,Morocco,,,,,,,,48.81,48.95,45.22,50.87,49.1,,,,,,,,,,,,,,,,,70,46,53,68,14,25,79,51,,-0.139,70.53,13,24,,0.605,0.5,,,,20878,42.03917,-0.07,5,40,0.149,,0.511,-0.05,,6,0.4841,0.4683,0.0035,-0.09567,42.88,74,0.567,5.1,5.25,4.64,5.56,5.63,0,39.31
MZ,Mozambique,,,,,,,,,,,,,,,,,,,,,,,,,,,,,,,,,,,,,2.362606533,,51.47,14,29,,0.723,0.41,,,,,47.4583,,4,25,,,0.392,-0.23,,1,0.6932,0.8125,0.6759,-0.08926,33.79,119,0.284,3.65,2.58,2.14,5,5,,
MM,Myanmar,,,,,,,,,,,,,,,,,,,,,,,,,,,,,,,,,,,,,,,43.73,0,9,,0.665,0.52,,,,,,,,30,,,0.324,,,4,0.5062,0.5072,0.1974,0.15009,44.77,,0.451,3.55,3.08,3.93,2.78,5.63,,
,mibia,3.74,4.04,2.53,4.06,3.29,4.03,4.48,,,,,,,,,,,,,,,,,,,,,,,,,,,,,,,,58.78,31,46,,0.784,0.63,,,,,52.60712,,9.3,51,,,0.514,-0.13,,,0.6329,0.7005,0.6626,-0.24562,19.25,101,0.606,6.43,6.58,5.36,6.67,5.63,,
NR,uru,,,,,,,,,,,,,,,,,,,,,,,,,,,,,,,,,,,,,,,,34,43,,,,,,,,,,,,,,,,,,0.5832,0.6161,0.6194,,,,,,,,,,,
NP,Nepal,4.34,4.18,3.03,4.13,2.99,4.07,4.63,,,,,,,,,,,,,,,,,,,,,,65,30,40,40,,,,,,,48.04,25,32,,0.68,53,,,,,51.46722,,6.3,31,,,0.39,-0.22,,1,0.6632,0.7167,0.1417,0.101478,35.1,109,0.428,5.28,4.83,5.36,5,5.63,,
NL,Netherlands,4.05,3.19,1.91,3.97,4.13,4.85,5.03,49.75,46.08,43.91,48.61,49.94,-0.07575,0.252192,0.429245,-0.10851,0.202457,,,,,,,,,,,,38,80,14,53,67,68,80,39,1.497603344,0.197,90.68,39,58,14.5,0.736,0.84,3.51,3.12,3.02,,64.13859,0.19,2.6,82,0.079,1.43,0.676,0.06,0.496,28,0.1054,0.5143,0.7222,-1.17619,9.96,4,0.89,9.01,9.58,9.29,8.33,8.75,78.9,39.34
AN,Netherlands Antilles,,,,,,,,,,,,,,,,,,,,,,,,,,,,,,,,,,,,,,,,,,,,,,,,,,,,,,,,,,,,0.2508,0.3866,,,,,,,,,,,
NC,New Caledonia,,,,,,,,,,,,,,,,,,,,,,,,,,,,,,,,,,,,,,,.,,,,,,,,,,,,,,,,,,,,,0.6633,0.5462,-0.73531,,,,,,,,,,
NZ,New Zealand,4.03,3.27,2.27,4.09,4.21,4.65,4.94,50.61,46.83,44.18,49.59,49.49,-0.03284,0.264398,0.596216,0.046251,0.176304,4.231797,3.667681,4.89371,4.27658,4.795043,4.051043,3.735739,3.393813,5.859125,5.655478,6.475,22,79,58,49,33,75,81,65,,0.083,77.22,40,59,16.4,0.799,0.83,3.55,3.46,2.64,,66.8479,,6.1,89,0.053,,0.666,0.04,0.502,12,0.3969,0.1657,0.8114,-1.46475,10.69,25,0.907,9.26,10,9.29,8.89,8.13,,47.69
NI,Nicaragua,,,,,,,,,,,,,,,,,,,,,,,,,,,,,,,,,,,,,,,59.95,5,18,,0.804,0.39,,,,,51.3168,-0.55,3.4,26,,,0.462,,,24,0.4844,0.0473,0.429,-0.01148,35.81,120,0.565,3.55,1.25,2.86,3.89,5.63,,
NE,Niger,,,,,,,,,,,,,,,,,,,,,,,,,,,,,,,,,,,,,,,45.56,23,28,,,0.45,,,,,,,,33,,,0.345,0.12,,6,0.6518,0.6519,0.2013,0.143022,28.25,127,0.261,3.29,2.92,1.14,3.33,4.38,,
NG,Nigeria,3.75,4.41,2.72,3.9,2.54,3.66,4.79,,,,,,-0.00954,0.104919,0.590648,0.010372,-0.00402,,,,,,,,,,,,80,30,60,55,13,84,,,2.373392099,,55.73,20,23,,0.635,0.43,4.18,3.26,2.36,,54.0648,0.39,1.8,27,0.13,,0.351,-0.4,0.506,3,0.8505,0.8503,0.7421,0.304766,35.63,114,0.423,4.12,5.17,3.93,3.33,3.75,17.9,
NU,Niue,,,,,,,,,,,,,,,,,,,,,,,,,,,,,,,,,,,,,,,,,,,,,,,,,,,,,,,,,,,,,,-1.2742,,,,,,,,,,
KP,North Korea,,,,,,,,,,,,,,,,,,,,,,,,,,,,,,,,,,,,,,,.,0,3,,,,,,,,,,,,,,,,,2,0.0392,0.0028,0.4891,-0.68975,85.82,,,1.08,0,2.5,1.67,1.25,,
MP,Northern Maria Islands,,,,,,,,,,,,,,,,,,,,,,,,,,,,,,,,,,,,,,,,,,,,,,,,,,,,,,,,,,,,0.7754,0.4811,-0.24082,,,,,,,,,,
NO,Norway,4.4,3.45,1.49,3.85,3.69,4.68,5.12,,,,,,0.046126,0.26167,0.551975,0.023682,0.251341,,,,,,,,,,,,31,69,8,50,35,55,,,,,85.47,40,60,15.8,0.842,0.89,,,,17618,66.3965,,2.2,85,0.124,,0.696,0.04,,1,0.0586,0.0673,0.2048,-1.44155,7.84,19,0.938,9.87,10,9.64,10,10,,
OM,Oman,3.71,4.5,2.15,3.83,2.87,3.73,4.49,,,,,,,,,,,,,,,,,,,,,,,,,,,,,,,,63.73,6,18,,0.602,,,,,,51.20482,,6.6,44,,,0.582,-0.16,,9,0.4373,0.3567,0.4322,0.088477,43.42,80,,3.06,0.08,3.93,2.78,4.38,,
PK,Pakistan,3.99,4.31,2.44,4,3.11,3.76,4.65,,,,,,0.125021,0.212092,0.377065,0.247682,0.28805,4.823279,4.031463,5.218833,4.603171,4.46,4.944032,2.854876,3.534483,5.760659,6.128824,5.460423,55,14,50,70,50,0,,,,,53.92,15,22,,0.564,0.39,4.41,3.58,3.78,,46.13689,0.02,6.6,32,0.178,,0.305,-0.31,,3,0.7098,0.719,0.3848,-0.05538,45.52,105,0.49,4.25,6.08,5.71,2.22,2.5,,
PW,Palau,,,,,,,,,,,,,,,,,,,,,,,,,,,,,,,,,,,,,,,44.35,37,55,,,,,,,,,,,,,,,,,,0.4312,0.3157,0.7147,-0.14075,,,,,,,,,,
PS,Palestinian tiol Authority,,,,,,,,,,,,,,,,,,,,,,,,,,,,,,,,,,,,,,-0.269,,,,,,,4.21,2.41,2.48,,,,,,0.134,,,,,,,,,,44.09,,,3.89,3.33,0.14,7.78,4.38,,
PA,Pama,,,,,,,,,,,,,,,,,,,,,,,,,,,,,95,11,44,86,,,86,53,,,71.07,35,48,,0.73,0.52,,,,,52.86105,,8,37,,,0.568,,,37,0.5528,0.3873,0.3338,0.022739,29.78,75,0.755,7.05,9.58,6.07,6.67,5,,
PG,Papua New Guinea,,,,,,,,,,,,,,,,,,,,,,,,,,,,,,,,,,,,,,,52.05,23,39,,0.635,,,,,,,,,29,,,,,,1,0.2718,0.3526,0.5523,-0.28795,23.93,,0.431,6.03,6.92,6.07,3.89,5.63,,
PY,Paraguay,,,,,,,,,,,,,,,,,,,,,,,,,,,,,70,12,40,85,20,56,,,,,61.86,28,37,,0.683,,,,,,53.71786,,4.4,29,,,0.516,-0.11,,28,0.1689,0.5975,0.2123,-0.41323,32.97,95,0.64,6.24,8.75,5.71,5,4.38,,
PE,Peru,3.71,3.92,2.76,4.08,2.98,4.3,4.84,48.35,43.64,47.36,53.39,51.29,-0.18952,0.43434,0.587366,-0.04052,0.16084,4.469638,3.933204,4.984635,4.935142,3.571354,3.96447,3.058786,3.078638,5.419718,5.40638,5.70641,64,16,42,87,25,46,87,47,1.659732067,,68.9,30,42,,0.714,0.5,2.97,2.44,2.27,18935,49.10707,0.15,3.7,37,0.09,,0.499,-0.07,,25,0.6566,0.3358,0.1988,-0.10754,30.94,69,0.723,6.6,9.17,5,5.56,5.63,52.3,34.59
PH,Philippines,4.04,4.03,2.68,3.76,3,3.95,4.59,48.12,47.96,43.14,51.41,49.34,0.249048,0.114577,0.429326,0.081367,0.252371,,,,,,,,,,,,94,32,64,44,27,42,83,65,,-0.083,66.91,25,30,16.5,0.781,0.47,,,,,56.10393,0.29,2.6,34,0.144,,0.448,-0.22,,1,0.2385,0.836,0.3056,0.109017,43.54,54,0.638,6.64,9.17,5.36,7.22,4.38,31.5,32.1
PL,Poland,3.86,3.86,2.51,3.84,3.32,4.31,4.48,49.12,46.74,46.15,51.8,49.06,-0.10977,0.40634,0.84869,0.01091,0.04348,,,,,,,,,,,,68,60,64,93,38,29,81,56,1.68012688,0.05,79.67,34,47,15.8,0.736,0.66,3.44,2.96,2.67,19223,49.44555,-0.07,3.3,60,0.076,1.32,0.602,-0.03,0.477,3,0.1183,0.0468,0.1712,-0.99073,28.65,39,0.795,6.62,9.17,6.07,6.11,4.38,42.8,34.21
PT,Portugal,4.27,3.43,1.89,4.11,3.62,4.53,5.21,48.06,49.52,47.75,50.21,50.29,-0.0669,0.038967,0.257515,-0.13522,-0.04027,4.955307,4.162189,4.962272,4.508955,4.768076,4.337396,3.330846,3.780423,6.069509,5.556799,4.712903,63,27,31,104,28,33,82,56,2.018570261,0,84.88,39,56,,0.744,0.7,3.03,2.06,2.07,,55.48756,-0.79,1.2,63,,,0.586,0.03,0.477,15,0.0468,0.0198,0.1438,-0.45796,11.83,32,0.795,8.03,9.58,7.86,6.11,7.5,87.4,29.55
PR,Puerto Rico,,,,,,,,,,,,,-0.02994,0.249919,0.531844,0.173037,0.269032,,,,,,,,,,,,68,27,56,38,0,90,,,,0.308,.,,,,,,,,,,,,,,,,,,,33,,0.0352,0.4952,-0.23462,,,,,,,,,63.1,
QA,Qatar,,,,,,,,,,,,,,,,,,,,,,,,,,,,,93,25,55,80,,,78,54,2.643806403,,75.32,7,18,,0.629,,,,,,56.37312,,4.3,63,0.176,,0.664,-0.06,,25,0.7456,0.48,0.095,-0.16685,42.51,65,0.803,3.19,0,4.29,2.22,5.63,,
MK,Republic of North Macedonia,4.03,3.91,2.72,4,3.01,4.24,4.4,,,,,,,,,,,,,,,,,,,,,,90,22,45,87,62,35,88,51,,,69.83,28,39,,0.711,0.53,3.35,2.61,2.55,,44.75898,,,,,,0.499,-0.16,,,0.5023,0.5021,0.5899,-0.74107,31.28,59,0.701,5.97,7,5.36,6.67,3.75,64.3,
RE,Reunion,,,,,,,,,,,,,,,,,,,,,,,,,,,,,,,,,,,,,,,,,,,,,,,,,,,,29,,,,,,,,0.1578,0.1952,,,,,,,,,,,
RO,Romania,4.11,3.78,2,4.06,3.45,4.61,4.48,50.33,45.31,48.1,48.03,53.13,0.142467,0.300671,0.753294,0.177453,0.264049,4.649502,3.765792,5.02552,3.999636,4.028688,4.76362,3.2219,2.643221,5.957034,5.870046,5.64027,90,30,42,90,52,20,85,45,,,79.29,35,48,,0.724,0.63,3.29,2.94,2.64,20340,48.70084,-0.23,6.5,,0.103,2.42,0.541,-0.12,,10,0.3069,0.1723,0.2373,-0.69536,25.91,50,0.767,6.49,9.17,5.71,5.56,4.38,42.4,32.16
RU,Russia,3.9,3.81,2.72,3.96,3.51,4.3,4.38,,,,,,-0.036,0.252853,0.812436,-0.02317,0.13834,4.496277,3.962872,4.84383,4.516277,4.673617,4.689468,3.015,3.960577,5.658148,5.638404,6.147778,93,39,36,95,81,20,72,50,1.567580018,,71.94,5,14,15.3,0.706,0.47,4,3.63,2.72,,45.32397,-0.32,5.2,,0.085,,0.487,-0.12,0.432,5,0.2452,0.2485,0.4398,-1.39665,48.92,46,0.719,3.11,2.17,1.79,5,2.5,57.2,
RW,Rwanda,,,,,,,,,,,,,,,,,,,,,,,,,,,,,,,,,,,,,,,51.61,8,14,,0.791,0.52,,,,21233,45.80648,-0.29,4.8,55,0.149,,0.421,-0.14,,2,0.3238,,0.5066,0.149671,50.34,94,0.385,3.16,1.42,4.29,2.78,4.38,,
SH,Saint Hele,,,,,,,,,,,,,,,,,,,,,,,,,,,,,,,,,,,,,,,,,,,,,,,,,,,,,,,,,,,,,,-0.52772,,,,,,,,,,
KN,Saint Kitts and Nevis,,,,,,,,,,,,,,,,,,,,,,,,,,,,,,,,,,,,,,,52.72,35,54,,,0.63,,,,,,,,,,,,,,,0.1842,,0.6614,-0.20781,,,,,,,,,,
LC,Saint Lucia,,,,,,,,,,,,,,,,,,,,,,,,,,,,,,,,,,,,,,,56.35,38,54,,,0.62,,,,,,,,55,,,,,,,0.1769,0.3169,0.332,-0.16996,,,,,,,,,,
PM,Saint Pierre and Miquelon,,,,,,,,,,,,,,,,,,,,,,,,,,,,,,,,,,,,,,,,,,,,,,,,,,,,,,,,,,,,,,-0.96371,,,,,,,,,,
VC,Saint Vincent and the Gredines,,,,,,,,,,,,,,,,,,,,,,,,,,,,,,,,,,,,,,,49.86,36,55,,,,,,,,,,,58,,,,,,,0.3066,0.0175,0.7028,-0.16549,,,,,,,,,,
WS,Samoa,,,,,,,,,,,,,,,,,,,,,,,,,,,,,,,,,,,,,,,52.24,32,51,,,,,,,,,,,,,,,,,,,,,-1.15751,18.25,,,,,,,,,
SM,San Marino,,,,,,,,,,,,,,,,,,,,,,,,,,,,,,,,,,,,,,,56.97,38,55,,,,,,,,,,,,,,,,,,0.2927,,0.1975,-0.65899,,,,,,,,,,
ST,Sao Tome and Principe,,,,,,,,,,,,,,,,,,,,,,,,,,,,,75,37,24,70,32,41,,,,,44.28,35,49,,,,,,,,,,,46,,,,-0.27,,,,0.2322,0.1866,,,,0.488,,,,,,,
SA,Saudi Arabia,,,,,,,,,,,,,0.006755,0.109411,0.344165,-0.09172,0.039033,,,,,,,,,,,,95,25,60,80,36,52,82,44,2.453108321,,67.73,1,6,,0.599,,,,,,53.88735,0.7,6.5,49,,,0.573,-0.12,,18,0.18,0.0949,0.127,-0.08571,62.14,68,0.752,1.93,0,2.86,2.22,3.13,22.4,
SN,Senegal,3.58,4.45,2.63,3.74,2.39,3.89,4.92,,,,,,,,,,,5.47308,5.056261,5.527364,3.054322,4.443283,5.802395,3.383782,4.366591,5.415955,6.387465,5.238512,70,25,45,55,25,,,,,,61.83,29,39,,0.684,0.55,,,,,48.52,,2.7,45,,,0.484,-0.21,,3,0.6939,0.6961,0.1497,0.11699,23.99,96,0.411,5.81,6.08,6.07,4.44,6.25,,
RS,Serbia,3.96,3.57,1.61,4.03,3.7,4.72,4.44,51.95,47.64,47.53,50.17,52.44,0.143517,0.16097,0.363423,-0.02534,0.084324,,,,,,,,,,,,86,25,43,92,52,28,85,44,,,78.34,21,41,,0.736,0.5,3.59,2.64,2.78,17838,49.87577,-0.13,6.7,41,,,0.529,-0.11,,11,0.5736,,3.96,-0.88871,31.62,57,0.735,6.41,8.25,5.36,6.11,5,61.8,38.72
SC,Seychelles,,,,,,,,,,,,,,,,,,,,,,,,,,,,,,,,,,,,,,,63.76,34,45,,,,,,,,58.53141,,10.1,60,,,0.558,,,,0.2025,0.1606,0.2323,-0.02085,28.66,,,,,,,,,
SL,Sierra Leone,,,,,,,,,,,,,,,,,,,,,,,,,,,,,70,20,40,50,,,,,,,45.53,28,37,,0.668,0.45,,,,,,,5.2,30,,,,-0.04,,21,0.8191,0.7634,0.5395,0.208352,30.28,,0.317,4.86,6.58,2.86,3.33,6.25,,
SG,Singapore,3.76,4,2.82,3.88,3.3,3.86,4.6,,,,,,0.124649,0.151206,0.465603,0.106443,0.363246,,,,,,,,,,,,74,20,48,8,72,46,83,74,2.246434494,-0.137,83.49,19,28,,0.724,0.79,3.76,3.45,3.04,,61.75693,,5.8,84,0.038,0.65,0.691,0.06,,10,0.3857,0.3835,0.6561,-0.24649,55.23,8,0.846,6.02,3.92,7.86,5,6.25,55.2,
SK,Slovakia,4.47,3.82,2,3.83,2.99,4.29,4.58,49.05,47.38,42.44,51.57,52.53,-0.27327,0.560407,0.790864,0.093307,0.087536,,,,,,,,,,,,100,52,100,51,77,28,73,57,1.658965359,,82.66,37,53,13.5,0.718,,3.07,3.3,2.74,,52.18708,,4.3,50,,,0.613,0.01,,10,0.2539,0.2551,0.5655,-1.00763,22.67,37,0.818,7.17,9.58,7.14,5.56,5.63,59,34.9
SI,Slovenia,4.45,3.71,1.62,3.71,3.72,4.88,4.56,50.54,50.18,49.24,45.28,50.5,-0.07721,0.166986,0.573934,-0.04123,-0.00483,,,,,,,,,,,,71,27,19,88,49,48,81,57,,,81.21,38,52,16,0.743,0.69,,,,18522,60.06237,,4.9,61,0.077,,0.63,0.04,,5,0.2216,0.2201,0.2868,-0.91284,22.64,31,0.828,7.5,9.58,6.79,6.67,6.25,55.1,46.26
SB,Solomon Islands,,,,,,,,,,,,,,,,,,,,,,,,,,,,,,,,,,,,,,,42.48,30,49,,,,,,,,,,,39,,,,,,,0.111,0.5254,0.6708,-0.42645,,,0.494,,,,,,,
SO,Somalia,,,,,,,,,,,,,,,,,,,,,,,,,,,,,,,,,,,,,,,30.16,1,6,,,,,,,,,,,9,,,,,,2,0.8117,0.0326,0.0028,0.233947,55.45,,,,,,,,,
ZA,South Africa,3.86,4.03,2.59,3.89,3.48,3.85,4.52,49.61,49.97,49.61,49.01,49.01,0.074979,0.188506,0.555335,0.052516,0.255015,,,,,,,,,,,,49,65,63,49,34,63,,,,,70.51,33,46,,0.78,0.59,3.35,2.95,2.5,18923,56.21139,0.97,6.6,43,0.076,,0.534,-0.01,,8,0.7517,0.8652,0.8603,-0.48151,22.41,63,0.597,7.24,7.42,7.5,8.33,5,67.6,
KR,South Korea,3.57,3.68,2.9,4.21,3.46,4.22,4.42,44.86,44.11,40.6,53.99,44.3,-0.09018,0.103884,0.391501,0.007241,0.102927,4.424952,3.789397,4.591302,4.602317,4.759206,4.835746,3.808794,3.42396,5.599208,5.513651,5.436154,60,18,39,85,100,29,78,65,2.099402174,-0.007,78.48,33,50,,0.672,0.73,4.07,3.23,2.86,19279,49.24545,-0.04,5.7,,0.092,0.02,0.626,0.03,0.449,1,0.002,0.0021,0.6604,-0.52228,23.7,11,0.877,8,9.17,7.86,7.22,7.5,20.1,22.21
SS,South Sudan,,,,,,,,,,,,,,,,,,,,,,,,,,,,,,,,,,,,,,,,3,4,,,,,,,,,,,12,,,,,,,,,,,44.49,,,,,,,,,
ES,Spain,4.47,3.31,1.84,3.8,3.67,4.99,5.23,49,45.26,46.8,54.03,49.64,-0.10328,0.289494,0.671335,-0.09702,0.177078,4.370833,4.208796,5.353056,3.450394,4.281736,3.753958,3.203843,3.912899,6.257138,6.14875,6.55,57,51,42,86,48,44,83,51,1.6979897,0.128,83.81,37,53,16,0.795,0.73,,,,17250,56.76868,-0.16,3.2,57,0.074,,0.597,0.04,,12,0.4165,0.4132,0.4514,-0.62081,22.16,29,0.863,8.29,9.58,7.14,7.78,8.13,83.9,33.72
LK,Sri Lanka,,,,,,,,,,,,,,,,,,,,,,,,,,,,,80,35,10,45,45,,,,2.490822366,,59.79,23,32,,0.68,0.52,,,,,56.0374,0.06,11.1,38,,,0.485,-0.26,,2,0.415,0.4645,0.4853,0.140354,41.94,89,0.658,6.27,7,6.07,5.56,6.25,,
SD,Sudan,,,,,,,,,,,,,,,,,,,,,,,,,,,,,,,,,,,,,,,46.34,0,10,,,,,,,,,,,16,,,0.276,-0.52,,5,0.7147,0.719,0.4307,0.134964,55.33,,0.379,2.7,0,1.79,5.56,5,,
SR,Surime,,,,,,,,,,,,,,,,,,,,,,,,,,,,,85,47,37,92,,,,,,,53.62,34,45,,0.707,0.5,,,,,,0.18,,41,,,,,,,0.7332,0.331,0.791,0.02842,17.5,,0.646,6.98,9.17,6.43,6.67,5,,
SZ,Swaziland,,,,,,,,,,,,,,,,,,,,,,,,,,,,,,,,,,,,,,,45.77,,,,0.703,,,,,,,,5.4,39,,,0.425,-0.34,,,0.0582,0.1722,0.4444,-0.33346,45.15,,0.498,3.14,0.92,2.86,2.78,5.63,,
SE,Sweden,4.46,3.12,1.83,3.81,4.24,5.09,4.9,,,,,,0.008146,0.333581,0.641301,0.085076,0.164265,,,,,,,,,,,,31,71,5,29,53,78,78,54,2.198304546,0.171,89.44,40,60,14.4,0.82,0.47,3.53,3.26,2.29,15384,59.5098,0.05,3.8,84,0.115,1.96,0.714,0.06,,8,0.06,0.1968,0.2342,-1.43523,9.25,2,0.885,9.39,9.58,9.64,8.33,10,87.9,
CH,Switzerland,,,,,,,,50.47,47.69,45.03,48.72,52.62,0.065176,0.183182,0.469116,0.127641,0.246815,,,,,,,,,,,,34,68,70,58,74,66,80,44,,,90.79,39,57,,0.779,,,,,17418,62.37688,-0.02,2.7,85,0.068,3.43,0.717,0.05,0.446,12,0.5314,0.5441,0.6083,-0.97804,10.62,1,0.874,9.03,9.58,9.29,7.78,9.38,,39.13
SY,Syria,,,,,,,,,,,,,,,,,,,,,,,,,,,,,80,35,52,60,30,,,,,,50.83,-3,4,,0.567,,,,,,,,,14,,3.26,,-0.48,,6,0.5399,0.1817,0.431,-0.23506,72.57,,0.589,1.43,0,0,2.78,4.38,,
TW,Taiwan,4.12,3.82,2.69,4,3.27,4.36,4.31,47.75,44.74,42.52,53.13,45.7,0.056621,0.105754,0.123594,0.080809,0.311294,,,,,,,,,,,,58,17,45,69,93,49,76,83,,-0.294,,38,56,,,,,,,,57.42813,,,,0.097,0.73,,0.01,,,0.2744,0.5028,0.6845,-0.26516,23.76,,,7.73,9.58,8.21,6.11,5.63,,19.22
TJ,Tajikistan,,,,,,,,,,,,,,,,,,,,,,,,,,,,,,,,,,,,,,,50.84,0,8,,0.626,,,,,,49.7214,,1.4,21,,,0.44,-0.29,,3,0.5107,0.5473,0.3386,-0.44457,55.34,100,0.58,1.93,0.08,0.79,1.67,6.25,,
TZ,Tanzania,,,,,,,,49.19,49.26,53.27,47.73,48.19,,,,,,,,,,,,,,,,,70,25,40,50,34,38,,,,,49.73,12,22,,0.713,0.47,,,,,45.70849,0.49,4.4,36,,,0.375,-0.49,,1,0.7353,0.8983,0.6334,0.080158,40.25,97,0.398,5.16,5.75,5,5,5.63,31.6,
TH,Thailand,3.84,4.02,3.23,3.88,3.63,4.02,4.29,,,,,,0.097901,0.253624,0.402958,0.132964,0.19355,5.245057,4.69431,5.239368,4.447011,4.952529,4.87546,3.53592,3.98375,5.584043,5.876724,4.642857,64,20,34,64,32,45,85,66,2.150406686,,72.46,5,24,,0.708,0.51,3.89,2.69,2.42,19828,53.18382,-0.12,4.1,37,0.129,,0.499,0.04,,2,0.6338,0.6344,0.0994,0.14262,44.94,43,0.654,6.32,7.42,5.36,6.11,6.25,,
TL,Timor-Leste,,,,,,,,,,,,,,,,,,,,,,,,,,,,,,,,,,,,,,,44.65,33,39,,0.662,,,,,,,,,,,,,,,3,,0.5261,0.4254,-0.25129,29.9,,0.502,7.19,9.58,6.29,5.56,6.88,,
TG,Togo,,,,,,,,,,,,,,,,,,,,,,,,,,,,,,,,,,,,,,,52.45,15,27,,0.615,0.45,4.41,2.76,2.94,,,,,32,,,0.385,-0.06,,6,0.7099,0.898,0.6596,0.17577,29.33,126,0.428,3.3,3.17,1.79,3.33,5,,
TK,Tokelau,,,,,,,,,,,,,,,,,,,,,,,,,,,,,,,,,,,,,,,,,,,,,,,,,,,,,,,,,,,,,,-1.05692,,,,,,,,,,
TO,Tonga,,,,,,,,,,,,,,,,,,,,,,,,,,,,,,,,,,,,,,,47.57,30,49,,,,,,,,,,,,,,,,,,0.0869,0.3782,0.6214,-1.38769,27.27,,0.677,,,,,,,
TT,Trinidad and Tobago,,,,,,,,,,,,,,,,,,,,,,,,,,,,,47,16,58,55,13,80,,,1.736750461,0.164,64.34,33,49,,0.756,0.54,,,,18557,56.18431,,15.9,41,0.088,,0.502,,,28,0.6475,0.1251,0.7936,-0.15136,23.22,91,0.736,7.16,9.58,7.14,6.11,5.63,,
TN,Tunisia,,,,,,,,,,,,,,,,,,,,,,,,,,,,,70,40,40,75,,,,,,-0.222,68.72,26,38,,0.644,0.54,,,,,41.93282,,3.9,42,0.156,,0.489,-0.15,,1,0.0394,0.0124,0.0104,-0.24688,29.45,70,0.683,6.72,9.17,5.71,7.22,5.63,,
TR,Turkey,4.23,3.77,2.97,3.98,3.37,4.45,4.77,51.59,47.89,48.71,49.88,52.7,0.050242,0.168889,0.519176,-0.05839,0.081107,4.439273,4.053364,4.905183,4.24082,4.392037,4.988685,3.401876,3.474231,5.629188,5.546324,4.888785,66,37,45,85,46,49,85,63,2.184941258,-0.06,70.57,16,16,,0.635,0.43,3.33,2.19,2.07,20776,46.86226,0.02,2.9,40,0.12,,0.477,-0.15,0.467,6,0.32,0.2216,0.0049,-0.36318,50.02,49,0.679,4.09,3.08,5,5,5,12.5,36.06
TM,Turkmenistan,,,,,,,,,,,,,,,,,,,,,,,,,,,,,,,,,,,,,,,40.72,0,2,,,,,,,,,,,19,,,,,,5,0.3918,0.3984,0.2327,-0.47366,85.44,,0.669,1.72,0,0.79,2.22,5,,
TC,Turks and Caicos Islands,,,,,,,,,,,,,,,,,,,,,,,,,,,,,,,,,,,,,,,,,,,,,,,,,,,,,,,,,,,,,,-0.30567,,,,,,,,,,
TV,Tuvalu,,,,,,,,,,,,,,,,,,,,,,,,,,,,,,,,,,,,,,,,37,56,,,,,,,,,,,,,,,,,,0.1629,0.1372,0.2524,-0.48465,,,,,,,,,,
UG,Uganda,3.97,4.23,2.99,4.02,2.68,3.8,4.39,,,,,,,,,,,5.516022,4.927419,5.347097,4.035054,4.657312,5.365591,3.272366,3.756438,5.743067,5.731935,5.833051,,,,,,,,,,,53.49,11,23,,0.717,0.4,,,,,52.14359,0.16,4.6,26,,,0.345,-0.01,,1,0.9302,0.9227,0.6332,0.006086,40.95,102,0.422,5.02,4.33,3.57,4.44,6.88,34.7,
UA,Ukraine,3.87,3.93,2.56,3.99,3.49,4.08,4.31,46.45,39.05,43.89,48.02,42.06,-0.03937,0.299891,0.646939,0.058289,0.294697,3.8125,3.91225,5.0482,4.29995,4.1182,4.9625,3.2484,3.78713,5.407273,5.6484,4.2075,92,25,27,95,86,14,81,46,1.58110364,0.053,74.95,26,35,,0.721,0.51,3.91,3.37,2.89,17978,44.98302,-0.22,1.9,30,0.086,,0.389,1,,4,0.4737,0.4741,0.6157,-0.85811,32.52,47,0.71,5.9,7.42,2.71,6.67,6.25,56.9,32.27
AE,United Arab Emirates,,,,,,,,,,,,,-0.27843,0.393268,0.344534,-0.21195,-0.02121,,,,,,,,,,,,90,25,50,80,,,84,59,2.343267395,,75.51,5,12,,0.655,0.65,,,,,58.61103,0.09,8.6,71,,,0.184,,,1,0.6252,0.4874,0.331,-0.16384,42.69,36,0.815,2.76,0,3.93,2.22,5,,
GB,United Kingdom,3.91,3.34,2.33,4.01,4.26,4.62,4.92,49.79,47.31,46.89,51.39,45.97,-0.02523,0.257441,0.548239,-0.06053,0.169596,4.379899,3.796126,4.758296,4.604523,4.936653,4.285842,3.34359,3.614852,5.808355,5.661562,5.062123,35,89,66,35,51,69,76,65,1.758528696,0.044,89.39,39,54,15.4,0.767,0.79,2.76,2.73,2.27,,64.42387,0.05,5.6,82,0.046,,0.643,,,25,0.1211,0.0532,0.6944,-1.29161,22.93,5,0.849,8.52,9.58,7.5,8.89,7.5,89.3,40.17
US,United States,3.46,3.67,2.37,4.09,3.87,4.19,4.68,50,50,50,50,50,0.019119,0.256148,0.645906,-0.07823,0.146929,4.538357,4.235397,4.574506,4.846906,3.994442,4.241872,3.159628,3.168325,5.685745,5.19095,5.471548,40,91,62,46,26,68,84,61,1.817343627,0.182,82.28,32,51,17.2,0.724,0.72,3.75,3.31,2.55,16410,65.10298,0.12,5.1,75,,0.3,0.651,0.08,0.519,83,0.4901,0.2514,0.8241,-0.91162,23.85,3,0.902,7.96,9.17,7.14,7.78,7.5,58,37.05
VI,United States Virgin Islands,,,,,,,,,,,,,,,,,,,,,,,,,,,,,,,,,,,,,,,.,,,,,,,,,,,,,,,,,,,,,0.314,0.6359,,,,,,,,,,,
UY,Uruguay,,,,,,,,,,,,,,,,,,,,,,,,,,,,,61,36,38,100,26,53,83,53,,,72.89,40,57,,0.737,0.71,,,,18129,54.36117,,3.3,70,0.084,,0.573,-0.01,,35,0.2504,0.0817,0.3548,-0.99854,15.79,62,0.765,8.38,10,8.57,6.11,7.5,,
UZ,Uzbekistan,,,,,,,,,,,,,,,,,,,,,,,,,,,,,,,,,,,,,,,52.4,2,9,,,0.47,,,,,,,,22,0.15,,,,,4,0.4125,0.412,0.2133,-0.4466,53.07,,0.617,2.01,0.08,1.86,2.22,5,,
VU,Vanuatu,,,,,,,,,,,,,,,,,,,,,,,,,,,,,,,,,,,,,,,48.88,33,49,,0.638,,,,,,,,,43,,,,,,,0.0413,0.5794,0.7044,-0.58915,,,,,,,,,,
VE,Venezuela,3.99,3.74,2.09,4.01,3.26,4.44,4.77,,,,,,0.198414,0.331209,0.565201,0.187851,0.350496,,,,,,,,,,,,81,12,73,76,16,100,,,,0.226,52.25,1,13,,0.713,0.27,,,,,45.5593,0.25,0,18,,,0.326,-0.05,,27,0.4966,0.0686,0.1353,0.035629,45.66,,0.696,2.88,0,1.79,5,4.38,,
VN,Vietm,,,,,,,,,,,,,0.118545,-0.07118,0.143204,0.23767,0.345372,,,,,,,,,,,,70,20,40,30,57,35,76,58,2.239559193,,65.55,3,16,,0.7,0.49,,,,20969,47.96988,-0.01,9.5,35,0.182,,0.571,-0.06,,2,0.2383,0.2377,0.508,0.125303,74.71,42,0.572,3.08,0,3.21,3.89,5.63,35.9,
WF,Wallis and Futu,,,,,,,,,,,,,,,,,,,,,,,,,,,,,,,,,,,,,,,,,,,,,,,,,,,,,,,,,,,,,,-1.20542,,,,,,,,,,
YE,Yemen,3.7,4.63,2.28,3.79,2.44,3.68,4.73,,,,,,,,,,,,,,,,,,,,,,,,,,,,,,,,48,1,8,,0.494,,,,,,38.9553,,3.8,16,0.2,,0.084,-0.29,,9,,0.008,0.0023,0.263708,58.25,129,0.439,1.95,0,0,3.89,5,,
ZM,Zambia,,,,,,,,,,,,,,,,,,,,,,,,,,,,,60,35,40,50,30,42,,,,,57.79,21,30,,0.731,0.45,,,,18036,54.47972,,7.7,37,0.083,,0.346,-0.13,,4,0.7808,0.8734,0.7359,0.007568,37,124,0.395,5.09,4.75,2.93,4.44,6.88,,
ZW,Zimbabwe,3.62,4.04,2.67,4.19,3.6,3.8,4.3,48.69,49.77,51.75,48.26,48.52,,,,,,,,,,,,,,,,,,,,,,,,,,,51.78,11,17,,0.73,0.39,,,,,47.65525,0.52,0,22,0.11,,0.401,,0.523,3,0.3874,0.4472,0.7363,-0.09616,40.95,122,0.14,3.16,0,2.5,4.44,5.63,30.4,22.66